{
    "naval": {
        "spectral_v1": {
            "mae": 0.0640523634323794, 
            "rmse": 0.13736748204876334
        }, 
        "mean_v1": {
            "mae": 0.23128958924930434, 
            "rmse": 0.2889217274759885
        }, 
        "knn_v1": {
            "mae": 0.014959618922881212, 
            "rmse": 0.05582413820424136
        }, 
        "mice_v1": {
            "mae": 0.019645711312489367, 
            "rmse": 0.0563893693947263
        }, 
        "svd_v1": {
            "mae": 0.05918468719141457, 
            "rmse": 0.13679070772334312
        },
        "gnn_mdi_v1": {
            "rmse": 0.0225
        }
    }, 
    "power": {
        "spectral_v1": {
            "mae": 0.31050610616812624, 
            "rmse": 0.3730379544574345
        }, 
        "mean_v1": {
            "mae": 0.16596057008835177, 
            "rmse": 0.19651280869152177
        }, 
        "knn_v1": {
            "mae": 0.14819776270477172, 
            "rmse": 0.19747214387311632
        }, 
        "mice_v1": {
            "mae": 0.11467234873992223, 
            "rmse": 0.14543208697211496
        }, 
        "svd_v1": {
            "mae": 0.21985569958046236, 
            "rmse": 0.27203184524769053
        },
        "gnn_mdi_v1": {
            "rmse": 0.132
        }
    }, 
    "energy": {
        "spectral_v1": {
            "mae": 0.23351944428100696, 
            "rmse": 0.31107978875935294
        }, 
        "mean_v1": {
            "mae": 0.3185903973485935, 
            "rmse": 0.3611048928291529
        }, 
        "knn_v1": {
            "mae": 0.20669406957326306, 
            "rmse": 0.3017025506463336
        }, 
        "mice_v1": {
            "mae": 0.16425391542748496, 
            "rmse": 0.2389876227964743
        }, 
        "svd_v1": {
            "mae": 0.3462522875114264, 
            "rmse": 0.40563610171414627
        },
        "gnn_mdi_v1": {
            "rmse": 0.221287923138
        }
    }, 
    "kin8nm": {
        "spectral_v1": {
            "mae": 0.32082499324687797, 
            "rmse": 0.39275865011908917
        }, 
        "mean_v1": {
            "mae": 0.25018403525771754, 
            "rmse": 0.2892146996993006
        }, 
        "knn_v1": {
            "mae": 0.2950857687133949, 
            "rmse": 0.3579381333006429
        }, 
        "mice_v1": {
            "mae": 0.2502222768173586, 
            "rmse": 0.2892870533903383
        }, 
        "svd_v1": {
            "mae": 0.26762415885381496, 
            "rmse": 0.31803402748841963
        },
        "gnn_mdi_v1": {
            "rmse": 0.289
        }
    }, 
    "yacht": {
        "spectral_v1": {
            "mae": 0.25081112755026425, 
            "rmse": 0.3116446080523354
        }, 
        "mean_v1": {
            "mae": 0.20602290226125972, 
            "rmse": 0.2885818721529429
        }, 
        "knn_v1": {
            "mae": 0.17664225262666133, 
            "rmse": 0.2786338347986879
        }, 
        "mice_v1": {
            "mae": 0.16131943593351697, 
            "rmse": 0.24395591117458063
        }, 
        "svd_v1": {
            "mae": 0.260089950538074, 
            "rmse": 0.3246075030614948
        },
        "gnn_mdi_v1": {
            "rmse": 0.244
        }
    }, 
    "concrete": {
        "spectral_v1": {
            "mae": 0.20031466724119862, 
            "rmse": 0.2620086968629942
        }, 
        "mean_v1": {
            "mae": 0.18318570560922315, 
            "rmse": 0.2268964245046732
        }, 
        "knn_v1": {
            "mae": 0.12275162178107185, 
            "rmse": 0.19092134312594347
        }, 
        "mice_v1": {
            "mae": 0.13352216498176822, 
            "rmse": 0.17986662162800116
        }, 
        "svd_v1": {
            "mae": 0.21340882916702267, 
            "rmse": 0.2644150673072237
        },
        "gnn_mdi_v1": {
            "rmse": 0.132159034976
        }
    }, 
    "protein": {
        "spectral_v1": {}, 
        "mean_v1": {
            "mae": 0.09073606203324855, 
            "rmse": 0.12347599187667001
        }, 
        "knn_v1": {}, 
        "mice_v1": {}, 
        "svd_v1": {},
        "gnn_mdi_v1": {
            "rmse": 0.0482
        }
    }, 
    "housing": {
        "spectral_v1": {
            "mae": 0.13679682225976622, 
            "rmse": 0.19881371310375218
        }, 
        "mean_v1": {
            "mae": 0.1809402097519347, 
            "rmse": 0.242065033692623
        }, 
        "knn_v1": {
            "mae": 0.09723019756198031, 
            "rmse": 0.18747539158563928
        }, 
        "mice_v1": {
            "mae": 0.11730016310516997, 
            "rmse": 0.1741737998213075
        }, 
        "svd_v1": {
            "mae": 0.13866929494240776, 
            "rmse": 0.19824143490485807
        },
        "gnn_mdi_v1": {
            "rmse": 0.133867282695
        }
    }
}